1,jalopey,26,2021-03-11
2,Szakonyi,30,2021-03-11
3,kyledeanreinford,38,2021-03-11
4,conor,40,2021-03-11
5,Ericki,41,2021-03-11
6,willardsmith,56,2021-03-11
7,d’Anthony,--,2021-03-11
8,Mark Miller,--,2021-03-11
9,conor,33,2021-03-12
10,willardsmith,33,2021-03-12
11,jalopey,34,2021-03-12
12,d’Anthony,36,2021-03-12
13,Szakonyi,40,2021-03-12
14,kyledeanreinford,45,2021-03-12
15,Ericki,--,2021-03-12
16,Mark Miller,--,2021-03-12
17,d’Anthony,54,2021-03-13
18,jalopey,58,2021-03-13
19,kyledeanreinford,88,2021-03-13
20,willardsmith,161,2021-03-13
21,conor,--,2021-03-13
22,Ericki,--,2021-03-13
23,Mark Miller,--,2021-03-13
24,Szakonyi,--,2021-03-13
25,kyledeanreinford,42,2021-03-14
26,willardsmith,42,2021-03-14
27,conor,54,2021-03-14
28,d’Anthony,--,2021-03-14
29,Ericki,--,2021-03-14
30,jalopey,--,2021-03-14
31,Mark Miller,--,2021-03-14
32,Szakonyi,--,2021-03-14
